{"stats":{"minecraft:used":{"minecraft:oak_planks":1,"minecraft:torch":2,"minecraft:bricks":5,"minecraft:red_bed":1,"minecraft:bread":1},"minecraft:picked_up":{"minecraft:oak_pressure_plate":1,"minecraft:torch":2,"minecraft:paper":3},"minecraft:custom":{"minecraft:jump":228,"minecraft:open_chest":2,"minecraft:time_since_rest":320,"minecraft:leave_game":1,"minecraft:play_time":14030,"minecraft:sprint_one_cm":14639,"minecraft:time_since_death":14030,"minecraft:walk_one_cm":40323,"minecraft:sleep_in_bed":1,"minecraft:bell_ring":1,"minecraft:total_world_time":14030,"minecraft:climb_one_cm":1292,"minecraft:talked_to_villager":4,"minecraft:fall_one_cm":2860,"minecraft:fly_one_cm":17536},"minecraft:mined":{"minecraft:wall_torch":2}},"DataVersion":3953}